{ "custom.emkobolds1.emweaponclash": { "category": "hostile", "sounds": [ { "name": "custom/mobs/embandit1/emweaponclash1" }, { "name": "custom/mobs/embandit1/emweaponclash2" } ], "subtitle": "Weapon clash" },
"custom.emkobolds1.macehit": { "category": "hostile", "sounds": [ { "name": "custom/mobs/embandit1/macehit1" }, { "name": "custom/mobs/embandit1/macehit2" } ], "subtitle": "Brutal hit" }, 
"custom.emkobolds1.macewindup": { "category": "hostile", "sounds": [ { "name": "custom/mobs/embandit1/macewindup1" }, { "name": "custom/mobs/embandit1/macewindup2" } ] }, 
"custom.emkobolds1.channelattack": { "category": "hostile", "sounds": [ { "name": "custom/mobs/embandit1/channelattack1" }, { "name": "custom/mobs/embandit1/channelattack2" } ] }, 

"custom.emkobolds1.metalhit": { "category": "hostile", "sounds": [ { "name": "custom/mobs/cromoknightboss/hit1" }, { "name": "custom/mobs/cromoknightboss/hit2" } ] }, 
"custom.emkobolds1.channelknight": { "category": "hostile", "sounds": [ { "name": "custom/mobs/cromoknightboss/channelknight1" } ] }, 

"custom.emkobolds1.ph_firettackcast": { "category": "hostile", "sounds": [ { "name": "custom/mobs/phantomnightmare/ph_firettackcast" } ], "subtitle": "Soulfire cast" }, 
"custom.emkobolds1.ph_firettackchannel": { "category": "hostile", "sounds": [ { "name": "custom/mobs/phantomnightmare/ph_firettackchannel1" }, { "name": "custom/mobs/phantomnightmare/ph_firettackchannel2" }, { "name": "custom/mobs/phantomnightmare/ph_firettackchannel3" } ], "subtitle": "Soulfire shot" }, 

"custom.emkobolds1.heavy_wood_hit": { "category": "hostile", "sounds": [ { "name": "custom/enchantedwoods/heavy_wood_hit1" }, { "name": "custom/enchantedwoods/heavy_wood_hit2" }, { "name": "custom/enchantedwoods/heavy_wood_hit3" } ] }, 
"custom.emkobolds1.cast_cue": { "category": "hostile", "sounds": [ { "name": "custom/enchantedwoods/cast_cue" } ], "subtitle": "Magical cast" }, 
"custom.emkobolds1.castwind1": { "category": "hostile", "sounds": [ { "name": "custom/enchantedwoods/shaman_castwind" } ], "subtitle": "Magical cast" }, 
"custom.emkobolds1.attackhit": { "category": "hostile", "sounds": [ { "name": "custom/enchantedwoods/attack_hit" } ], "subtitle": "Wood strike" }, 

"custom.emkobolds1.dyerftum_idle": { "category": "hostile", "sounds": [ { "name": "custom/enchantedwoods/dyerftum_idle1" }, { "name": "custom/enchantedwoods/dyerftum_idle2" }, { "name": "custom/enchantedwoods/dyerftum_idle3" }, { "name": "custom/enchantedwoods/dyerftum_idle4" } ] }, 
"custom.emkobolds1.dyerftum_rage": { "category": "hostile", "sounds": [ { "name": "custom/enchantedwoods/dyerftum_rage1" }, { "name": "custom/enchantedwoods/dyerftum_rage2" }, { "name": "custom/enchantedwoods/dyerftum_rage3" }, { "name": "custom/enchantedwoods/dyerftum_rage4" } ] }, 
"custom.emkobolds1.dyerftum_efforta": { "category": "hostile", "sounds": [ { "name": "custom/enchantedwoods/dyerftum_efforta1" }, { "name": "custom/enchantedwoods/dyerftum_efforta2" }, { "name": "custom/enchantedwoods/dyerftum_efforta3" }, { "name": "custom/enchantedwoods/dyerftum_efforta4" } ] }, 
"custom.emkobolds1.dyerftum_effortb": { "category": "hostile", "sounds": [ { "name": "custom/enchantedwoods/dyerftum_effortb1" }, { "name": "custom/enchantedwoods/dyerftum_effortb2" }, { "name": "custom/enchantedwoods/dyerftum_effortb3" }, { "name": "custom/enchantedwoods/dyerftum_effortb4" } ] }, 
"custom.emkobolds1.dyerftum_death": { "category": "hostile", "sounds": [ { "name": "custom/enchantedwoods/dyerftum_death1" }, { "name": "custom/enchantedwoods/dyerftum_death2" }, { "name": "custom/enchantedwoods/dyerftum_death3" }, { "name": "custom/enchantedwoods/dyerftum_death4" } ] }, 
"custom.emkobolds1.dyerftum_hurt": { "category": "hostile", "sounds": [ { "name": "custom/enchantedwoods/dyerftum_hurt1" }, { "name": "custom/enchantedwoods/dyerftum_hurt2" }, { "name": "custom/enchantedwoods/dyerftum_hurt3" }, { "name": "custom/enchantedwoods/dyerftum_hurt4" } ] }, 
"custom.emkobolds1.dyerftum_hurtbad": { "category": "hostile", "sounds": [ { "name": "custom/enchantedwoods/dyerftum_hurtbad1" }, { "name": "custom/enchantedwoods/dyerftum_hurtbad2" }, { "name": "custom/enchantedwoods/dyerftum_hurtbad3" } ] }, 

"custom.emkobolds1.sfeproj_launch": { "category": "hostile", "sounds": [ { "name": "custom/mobs/fallendefender/sfeproj_launch1" }, { "name": "custom/mobs/fallendefender/sfeproj_launch2" } ], "subtitle": "Soulfire Projectile fired" }, 
"custom.emkobolds1.upperwave": { "category": "hostile", "sounds": [ { "name": "custom/mobs/fallendefender/upperwave" } ], "subtitle": "Magical shockwave", "attenuation_distance": "16"  },
"custom.emkobolds1.svordenhit": { "category": "hostile", "sounds": [ { "name": "custom/mobs/fallendefender/svordenhit1" }, { "name": "custom/mobs/fallendefender/svordenhit2" } ], "subtitle": "Soulfire burst" }, 
"custom.emkobolds1.attackwindup": { "category": "hostile", "sounds": [ { "name": "custom/mobs/fallenhero/attackwindup1" }, { "name": "custom/mobs/fallenhero/attackwindup2" }, { "name": "custom/mobs/fallenhero/attackwindup3" }, { "name": "custom/mobs/fallenhero/attackwindup4" } ], "subtitle": "Strong blow", "attenuation_distance": "0.8"  }, 
"custom.emkobolds1.slashhitb": { "category": "hostile", "sounds": [ { "name": "custom/mobs/fallenhero/slashhitb1" }, { "name": "custom/mobs/fallenhero/slashhitb2" }, { "name": "custom/mobs/fallenhero/slashhitb3" } ] }, 
"custom.emkobolds1.hitmetal": { "category": "hostile", "sounds": [ { "name": "custom/mobs/fallenhero/hitmetal1" }, { "name": "custom/mobs/fallenhero/hitmetal2" }, { "name": "custom/mobs/fallenhero/hitmetal3" }, { "name": "custom/mobs/fallenhero/hitmetal4" } ], "subtitle": "Metal hit", "attenuation_distance": "0.8"  }

}