{
	"credit": "Made with Blockbench",
	"texture_size": [64, 64],
	"textures": {
		"0": "thor_texture/thor_hammer_shiny",
		"1": "thor_texture/2_spark_fx_a",
		"particle": "thor_texture/spark_fx_a"
	},
	"elements": [
		{
			"from": [-1.11348, 21.64641, 0.5913],
			"to": [15.62652, 21.64641, 19.8113],
			"rotation": {"angle": -45, "axis": "z", "origin": [8.35772, 16.63197, 9.11313]},
			"faces": {
				"north": {"uv": [2.5, 1.375, 0.75, 2.875], "texture": "#particle"},
				"east": {"uv": [2.5, 1.375, 0.75, 2.875], "rotation": 90, "texture": "#particle"},
				"south": {"uv": [2.5, 1.375, 0.75, 2.875], "rotation": 180, "texture": "#particle"},
				"west": {"uv": [2.5, 1.375, 0.75, 2.875], "rotation": 270, "texture": "#particle"},
				"up": {"uv": [12.5, 2.625, 3, 12.625], "texture": "#particle"},
				"down": {"uv": [3, 2.625, 12.5, 12.625], "rotation": 180, "texture": "#particle"}
			}
		},
		{
			"from": [3.3496, 9.43984, 5.18313],
			"to": [3.3496, 23.07984, 18.82313],
			"rotation": {"angle": -22.5, "axis": "z", "origin": [8.35772, 16.63197, 9.11313]},
			"faces": {
				"north": {"uv": [2.5, 1.375, 0.75, 2.875], "rotation": 180, "texture": "#1"},
				"east": {"uv": [3, 2.625, 12.5, 12.625], "rotation": 180, "texture": "#1"},
				"south": {"uv": [2.5, 1.375, 0.75, 2.875], "rotation": 180, "texture": "#1"},
				"west": {"uv": [12.5, 2.625, 3, 12.625], "rotation": 180, "texture": "#1"},
				"up": {"uv": [2.5, 1.375, 0.75, 2.875], "rotation": 90, "texture": "#1"},
				"down": {"uv": [2.5, 1.375, 0.75, 2.875], "rotation": 270, "texture": "#1"}
			}
		},
		{
			"from": [11.75817, 9.93887, -3.59687],
			"to": [11.75817, 23.57887, 10.04313],
			"rotation": {"angle": -45, "axis": "x", "origin": [12.10817, 19.13387, 3.22313]},
			"faces": {
				"north": {"uv": [2.5, 1.375, 0.75, 2.875], "rotation": 180, "texture": "#1"},
				"east": {"uv": [3, 12.625, 12.5, 2.625], "rotation": 180, "texture": "#1"},
				"south": {"uv": [2.5, 1.375, 0.75, 2.875], "rotation": 180, "texture": "#1"},
				"west": {"uv": [12.5, 12.625, 3, 2.625], "rotation": 180, "texture": "#1"},
				"up": {"uv": [2.5, 1.375, 0.75, 2.875], "rotation": 90, "texture": "#1"},
				"down": {"uv": [2.5, 1.375, 0.75, 2.875], "rotation": 270, "texture": "#1"}
			}
		},
		{
			"from": [-0.38121, 12.45794, 1.60969],
			"to": [16.35879, 12.45794, 20.82969],
			"rotation": {"angle": -22.5, "axis": "y", "origin": [8.35772, 16.63197, 9.11313]},
			"faces": {
				"north": {"uv": [2.5, 1.375, 0.75, 2.875], "texture": "#1"},
				"east": {"uv": [2.5, 1.375, 0.75, 2.875], "rotation": 270, "texture": "#1"},
				"south": {"uv": [2.5, 1.375, 0.75, 2.875], "rotation": 180, "texture": "#1"},
				"west": {"uv": [2.5, 1.375, 0.75, 2.875], "rotation": 90, "texture": "#1"},
				"up": {"uv": [3, 2.625, 12.5, 12.625], "rotation": 180, "texture": "#1"},
				"down": {"uv": [12.5, 2.625, 3, 12.625], "texture": "#1"}
			}
		},
		{
			"from": [-1.71855, 19.36006, -8.8487],
			"to": [15.02145, 19.36006, 10.3713],
			"rotation": {"angle": 22.5, "axis": "z", "origin": [8.35772, 16.63197, 9.11313]},
			"faces": {
				"north": {"uv": [2.5, 1.375, 0.75, 2.875], "texture": "#particle"},
				"east": {"uv": [2.5, 1.375, 0.75, 2.875], "rotation": 270, "texture": "#particle"},
				"south": {"uv": [2.5, 1.375, 0.75, 2.875], "rotation": 180, "texture": "#particle"},
				"west": {"uv": [2.5, 1.375, 0.75, 2.875], "rotation": 90, "texture": "#particle"},
				"up": {"uv": [3, 2.625, 12.5, 12.625], "rotation": 180, "texture": "#particle"},
				"down": {"uv": [12.5, 2.625, 3, 12.625], "texture": "#particle"}
			}
		},
		{
			"from": [1.93593, 16.08211, 2.2113],
			"to": [14.33593, 16.08211, 14.6113],
			"rotation": {"angle": 0, "axis": "y", "origin": [8.35772, 16.63197, 9.11313]},
			"faces": {
				"north": {"uv": [6.125, 5.625, 3.625, 5.625], "rotation": 180, "texture": "#particle"},
				"east": {"uv": [3.375, 5.5, 3.375, 8], "rotation": 270, "texture": "#particle"},
				"south": {"uv": [6.125, 5.5, 3.625, 5.5], "texture": "#particle"},
				"west": {"uv": [3.5, 5.5, 3.5, 8], "rotation": 90, "texture": "#particle"},
				"up": {"uv": [5.625, 2.625, 3.125, 5.125], "rotation": 180, "texture": "#particle"},
				"down": {"uv": [3.125, 2.625, 5.625, 5.125], "texture": "#particle"}
			}
		},
		{
			"from": [6.5, -2.5, 6.5],
			"to": [9.5, 0.5, 9.5],
			"rotation": {"angle": 0, "axis": "y", "origin": [8, 9.875, 8]},
			"faces": {
				"north": {"uv": [1.508, 11.758, 2.242, 12.492], "texture": "#0"},
				"east": {"uv": [2.508, 11.758, 3.242, 12.492], "texture": "#0"},
				"south": {"uv": [7.258, 2.508, 7.992, 3.242], "texture": "#0"},
				"west": {"uv": [5.258, 9.758, 5.992, 10.492], "texture": "#0"},
				"up": {"uv": [4.242, 12.492, 3.508, 11.758], "rotation": 180, "texture": "#0"},
				"down": {"uv": [5.242, 11.758, 4.508, 12.492], "rotation": 180, "texture": "#0"}
			}
		},
		{
			"from": [7, 0.5, 7],
			"to": [9, 14.5, 9],
			"rotation": {"angle": 0, "axis": "y", "origin": [8, 9.875, 8]},
			"faces": {
				"north": {"uv": [5.008, 6.008, 5.492, 9.492], "texture": "#0"},
				"east": {"uv": [5.758, 6.008, 6.242, 9.492], "texture": "#0"},
				"south": {"uv": [3.508, 6.008, 3.992, 9.492], "texture": "#0"},
				"west": {"uv": [4.258, 6.008, 4.742, 9.492], "texture": "#0"},
				"up": {"uv": [12.742, 10.742, 12.258, 10.258], "rotation": 180, "texture": "#0"},
				"down": {"uv": [12.742, 12.008, 12.258, 12.492], "rotation": 180, "texture": "#0"}
			}
		},
		{
			"from": [4.75, 13, 4.75],
			"to": [11.25, 16.5, 11.25],
			"rotation": {"angle": 0, "axis": "y", "origin": [8, 9.875, 8]},
			"faces": {
				"north": {"uv": [9.875, 3.758, 8.258, 4.625], "texture": "#0"},
				"east": {"uv": [9.258, 0.008, 10.875, 0.875], "texture": "#0"},
				"south": {"uv": [8.258, 3.758, 9.875, 4.625], "texture": "#0"},
				"west": {"uv": [8.258, 8.008, 9.875, 8.875], "texture": "#0"},
				"up": {"uv": [5.125, 1.625, 3.508, 0.008], "rotation": 180, "texture": "#0"},
				"down": {"uv": [5.125, 2.008, 3.508, 3.625], "rotation": 180, "texture": "#0"}
			}
		},
		{
			"from": [5, 13.5, 5],
			"to": [11, 21.5, 11],
			"rotation": {"angle": 0, "axis": "y", "origin": [8, 9.875, 8]},
			"faces": {
				"north": {"uv": [0.008, 2.258, 1.492, 4.242], "texture": "#0"},
				"east": {"uv": [1.758, 2.258, 3.242, 4.242], "texture": "#0"},
				"south": {"uv": [0.008, 0.008, 1.492, 1.992], "texture": "#0"},
				"west": {"uv": [1.758, 0.008, 3.242, 1.992], "texture": "#0"},
				"up": {"uv": [6.992, 1.492, 5.508, 0.008], "rotation": 180, "texture": "#0"},
				"down": {"uv": [6.992, 1.758, 5.508, 3.242], "rotation": 180, "texture": "#0"}
			}
		},
		{
			"from": [4.75, 19.75, 6],
			"to": [11.25, 21.75, 10],
			"rotation": {"angle": 0, "axis": "y", "origin": [8, 9.875, 8]},
			"faces": {
				"north": {"uv": [11.508, 5.758, 13.125, 6.242], "texture": "#0"},
				"east": {"uv": [12.008, 2.508, 12.992, 2.992], "texture": "#0"},
				"south": {"uv": [11.508, 5.008, 13.125, 5.492], "texture": "#0"},
				"west": {"uv": [12.008, 1.758, 12.992, 2.242], "texture": "#0"},
				"up": {"uv": [8.875, 0.992, 7.258, 0.008], "rotation": 180, "texture": "#0"},
				"down": {"uv": [8.875, 1.258, 7.258, 2.242], "rotation": 180, "texture": "#0"}
			}
		},
		{
			"from": [4.75, 16.5, 6.5],
			"to": [11.25, 18.5, 9.5],
			"rotation": {"angle": 0, "axis": "y", "origin": [8, 9.875, 8]},
			"faces": {
				"north": {"uv": [11.258, 1.008, 12.875, 1.492], "texture": "#0"},
				"east": {"uv": [12.258, 9.508, 12.992, 9.992], "texture": "#0"},
				"south": {"uv": [10.258, 4.258, 11.875, 4.742], "texture": "#0"},
				"west": {"uv": [12.258, 4.258, 12.992, 4.742], "texture": "#0"},
				"up": {"uv": [10.875, 1.992, 9.258, 1.258], "rotation": 180, "texture": "#0"},
				"down": {"uv": [11.125, 5.008, 9.508, 5.742], "rotation": 180, "texture": "#0"}
			}
		},
		{
			"from": [7, -1.80487, 4.7622],
			"to": [9, 0.19513, 6.7622],
			"rotation": {"angle": -22.5, "axis": "x", "origin": [8, 9.875, 8]},
			"faces": {
				"north": {"uv": [3.758, 12.758, 4.242, 13.242], "texture": "#0"},
				"east": {"uv": [4.508, 12.758, 4.992, 13.242], "texture": "#0"},
				"south": {"uv": [2.258, 12.758, 2.742, 13.242], "texture": "#0"},
				"west": {"uv": [3.008, 12.758, 3.492, 13.242], "texture": "#0"},
				"up": {"uv": [12.742, 13.242, 12.258, 12.758], "rotation": 180, "texture": "#0"},
				"down": {"uv": [9.742, 13.008, 9.258, 13.492], "rotation": 180, "texture": "#0"}
			}
		},
		{
			"from": [7, -1.80487, 9.2378],
			"to": [9, 0.19513, 11.2378],
			"rotation": {"angle": 22.5, "axis": "x", "origin": [8, 9.875, 8]},
			"faces": {
				"north": {"uv": [2.742, 12.758, 2.258, 13.242], "texture": "#0"},
				"east": {"uv": [4.992, 12.758, 4.508, 13.242], "texture": "#0"},
				"south": {"uv": [4.242, 12.758, 3.758, 13.242], "texture": "#0"},
				"west": {"uv": [3.492, 12.758, 3.008, 13.242], "texture": "#0"},
				"up": {"uv": [12.742, 12.758, 12.258, 13.242], "rotation": 180, "texture": "#0"},
				"down": {"uv": [9.742, 13.492, 9.258, 13.008], "rotation": 180, "texture": "#0"}
			}
		},
		{
			"from": [5, 14.5, 13],
			"to": [11, 21.5, 17],
			"rotation": {"angle": 0, "axis": "y", "origin": [8, 9.875, 8]},
			"faces": {
				"north": {"uv": [0.008, 4.508, 1.492, 6.242], "texture": "#0"},
				"east": {"uv": [1.258, 6.508, 2.242, 8.242], "texture": "#0"},
				"south": {"uv": [3.508, 4.008, 4.992, 5.742], "texture": "#0"},
				"west": {"uv": [0.008, 6.508, 0.992, 8.242], "texture": "#0"},
				"up": {"uv": [9.242, 6.492, 7.758, 5.508], "rotation": 180, "texture": "#0"},
				"down": {"uv": [9.242, 6.758, 7.758, 7.742], "rotation": 180, "texture": "#0"}
			}
		},
		{
			"from": [4.75, 14.25, 14.75],
			"to": [11.25, 16.75, 17.25],
			"rotation": {"angle": 0, "axis": "y", "origin": [8, 9.875, 8]},
			"faces": {
				"north": {"uv": [9.508, 7.008, 11.125, 7.625], "texture": "#0"},
				"east": {"uv": [10.258, 12.008, 10.875, 12.625], "texture": "#0"},
				"south": {"uv": [9.508, 6.008, 11.125, 6.625], "texture": "#0"},
				"west": {"uv": [9.258, 12.008, 9.875, 12.625], "texture": "#0"},
				"up": {"uv": [1.625, 10.375, 0.008, 9.758], "rotation": 180, "texture": "#0"},
				"down": {"uv": [4.875, 9.758, 3.258, 10.375], "rotation": 180, "texture": "#0"}
			}
		},
		{
			"from": [4.75, 19.25, 14.75],
			"to": [11.25, 21.75, 17.25],
			"rotation": {"angle": 0, "axis": "y", "origin": [8, 9.875, 8]},
			"faces": {
				"north": {"uv": [8.008, 10.758, 9.625, 11.375], "texture": "#0"},
				"east": {"uv": [12.258, 8.508, 12.875, 9.125], "texture": "#0"},
				"south": {"uv": [6.008, 10.758, 7.625, 11.375], "texture": "#0"},
				"west": {"uv": [12.258, 7.508, 12.875, 8.125], "texture": "#0"},
				"up": {"uv": [11.625, 11.625, 10.008, 11.008], "rotation": 180, "texture": "#0"},
				"down": {"uv": [12.875, 0.008, 11.258, 0.625], "rotation": 180, "texture": "#0"}
			}
		},
		{
			"from": [6, 16.25, 11],
			"to": [10, 21.25, 13],
			"rotation": {"angle": 0, "axis": "y", "origin": [8, 9.875, 8]},
			"faces": {
				"north": {"uv": [6.508, 9.258, 7.492, 10.492], "texture": "#0"},
				"east": {"uv": [11.508, 6.508, 11.992, 7.742], "texture": "#0"},
				"south": {"uv": [2.008, 8.508, 2.992, 9.742], "texture": "#0"},
				"west": {"uv": [2.508, 6.508, 2.992, 7.742], "texture": "#0"},
				"up": {"uv": [2.992, 10.492, 2.008, 10.008], "rotation": 180, "texture": "#0"},
				"down": {"uv": [6.492, 11.758, 5.508, 12.242], "rotation": 180, "texture": "#0"}
			}
		},
		{
			"from": [5, 14.5, -1],
			"to": [11, 21.5, 3],
			"rotation": {"angle": 0, "axis": "y", "origin": [8, 9.875, 8]},
			"faces": {
				"north": {"uv": [4.992, 4.008, 3.508, 5.742], "texture": "#0"},
				"east": {"uv": [2.242, 6.508, 1.258, 8.242], "texture": "#0"},
				"south": {"uv": [1.492, 4.508, 0.008, 6.242], "texture": "#0"},
				"west": {"uv": [0.992, 6.508, 0.008, 8.242], "texture": "#0"},
				"up": {"uv": [9.242, 5.508, 7.758, 6.492], "rotation": 180, "texture": "#0"},
				"down": {"uv": [9.242, 7.742, 7.758, 6.758], "rotation": 180, "texture": "#0"}
			}
		},
		{
			"from": [6, 16.25, 3],
			"to": [10, 21.25, 5],
			"rotation": {"angle": 0, "axis": "y", "origin": [8, 9.875, 8]},
			"faces": {
				"north": {"uv": [2.992, 8.508, 2.008, 9.742], "texture": "#0"},
				"east": {"uv": [11.992, 6.508, 11.508, 7.742], "texture": "#0"},
				"south": {"uv": [7.492, 9.258, 6.508, 10.492], "texture": "#0"},
				"west": {"uv": [2.992, 6.508, 2.508, 7.742], "texture": "#0"},
				"up": {"uv": [2.992, 10.008, 2.008, 10.492], "rotation": 180, "texture": "#0"},
				"down": {"uv": [6.492, 12.242, 5.508, 11.758], "rotation": 180, "texture": "#0"}
			}
		},
		{
			"from": [4.75, 14.25, -1.25],
			"to": [11.25, 16.75, 1.25],
			"rotation": {"angle": 0, "axis": "y", "origin": [8, 9.875, 8]},
			"faces": {
				"north": {"uv": [11.125, 6.008, 9.508, 6.625], "texture": "#0"},
				"east": {"uv": [10.875, 12.008, 10.258, 12.625], "texture": "#0"},
				"south": {"uv": [11.125, 7.008, 9.508, 7.625], "texture": "#0"},
				"west": {"uv": [9.875, 12.008, 9.258, 12.625], "texture": "#0"},
				"up": {"uv": [1.625, 9.758, 0.008, 10.375], "rotation": 180, "texture": "#0"},
				"down": {"uv": [4.875, 10.375, 3.258, 9.758], "rotation": 180, "texture": "#0"}
			}
		},
		{
			"from": [4.75, 19.25, -1.25],
			"to": [11.25, 21.75, 1.25],
			"rotation": {"angle": 0, "axis": "y", "origin": [8, 9.875, 8]},
			"faces": {
				"north": {"uv": [7.625, 10.758, 6.008, 11.375], "texture": "#0"},
				"east": {"uv": [12.875, 8.508, 12.258, 9.125], "texture": "#0"},
				"south": {"uv": [9.625, 10.758, 8.008, 11.375], "texture": "#0"},
				"west": {"uv": [12.875, 7.508, 12.258, 8.125], "texture": "#0"},
				"up": {"uv": [11.625, 11.008, 10.008, 11.625], "rotation": 180, "texture": "#0"},
				"down": {"uv": [12.875, 0.625, 11.258, 0.008], "rotation": 180, "texture": "#0"}
			}
		}
	],
	"gui_light": "front",
	"display": {
		"thirdperson_righthand": {
			"translation": [0, -0.5, 1.75]
		},
		"thirdperson_lefthand": {
			"translation": [0, -0.5, 1.75]
		},
		"firstperson_righthand": {
			"translation": [1.25, 0.75, 1]
		},
		"firstperson_lefthand": {
			"translation": [1.25, 0.75, 1]
		},
		"ground": {
			"rotation": [0, 0, 90]
		},
		"gui": {
			"rotation": [90, -135, 90],
			"translation": [-2, -2.25, 0],
			"scale": [0.6, 0.6, 0.6]
		},
		"head": {
			"rotation": [-90, 0, 0],
			"translation": [-0.25, -15.25, 9],
			"scale": [1.5, 1.5, 1.5]
		},
		"fixed": {
			"rotation": [90, -45, 90],
			"translation": [2.5, -2.25, 0],
			"scale": [0.7, 0.7, 0.7]
		}
	},
	"groups": [
		0,
		1,
		2,
		3,
		4,
		5,
		{
			"name": "group",
			"origin": [8, 9.875, 8],
			"color": 0,
			"children": [6, 7, 8, 9, 10, 11, 12, 13, 14, 15, 16, 17, 18, 19, 20, 21]
		}
	]
}