{
	"credit": "Made with Blockbench",
	"texture_size": [128, 128],
	"textures": {
		"0": "thor_texture/thunder_leap_fx_5",
		"particle": "thor_texture/thunder_leap_fx_5"
	},
	"elements": [
		{
			"from": [-14.5, 8, -14.5],
			"to": [30.5, 8, 30.5],
			"rotation": {"angle": 0, "axis": "y", "origin": [8, 8, 8]},
			"faces": {
				"north": {"uv": [2.5, 1.375, 0.75, 2.875], "rotation": 90, "texture": "#0"},
				"east": {"uv": [2.5, 1.375, 0.75, 2.875], "rotation": 180, "texture": "#0"},
				"south": {"uv": [2.5, 1.375, 0.75, 2.875], "rotation": 270, "texture": "#0"},
				"west": {"uv": [2.5, 1.375, 0.75, 2.875], "texture": "#0"},
				"up": {"uv": [12.5, 2.625, 3, 12.625], "rotation": 270, "texture": "#0"},
				"down": {"uv": [3, 2.625, 12.5, 12.625], "rotation": 270, "texture": "#0"}
			}
		}
	],
	"display": {
		"head": {
			"translation": [-3.5, -42.75, -7],
			"scale": [4, 4, 4]
		}
	}
}