{
    "parent": "item/generated",
    "textures": {
        "layer0": "item/coal"
    },	
	"overrides": [	
		{"predicate": {"custom_model_data":2022}, "model": "thor_model/icon_mighty_thunder"},
		{"predicate": {"custom_model_data":2023}, "model": "thor_model/icon_hammer_strike"},
		{"predicate": {"custom_model_data":2024}, "model": "thor_model/icon_hammer_throw"},
		{"predicate": {"custom_model_data":2025}, "model": "thor_model/icon_asgardian_fury"},
		{"predicate": {"custom_model_data":2026}, "model": "thor_model/icon_thunder_shockwave"},
		{"predicate": {"custom_model_data":2027}, "model": "thor_model/icon_thunder_smash"}
	]
}