{
    "parent": "item/generated",
    "textures": {
        "layer0": "item/paper"
    },
	"overrides": [	
		{"predicate": {"custom_model_data":2062}, "model": "thor_model/thor_head"},
		{"predicate": {"custom_model_data":2063}, "model": "thor_model/thor_hit_fx_1"},
		{"predicate": {"custom_model_data":2064}, "model": "thor_model/thor_hit_fx_2"},
		{"predicate": {"custom_model_data":2065}, "model": "thor_model/thor_hit_fx_3"},
		{"predicate": {"custom_model_data":2066}, "model": "thor_model/thor_hit_fx_4"},
		{"predicate": {"custom_model_data":2067}, "model": "thor_model/thor_hit_fx_5"},
		{"predicate": {"custom_model_data":2068}, "model": "thor_model/thor_hit_fx_6"},
		{"predicate": {"custom_model_data":2069}, "model": "thor_model/thor_lightning_fx_1"},
		{"predicate": {"custom_model_data":2070}, "model": "thor_model/thor_lightning_fx_2"},
		{"predicate": {"custom_model_data":2071}, "model": "thor_model/thor_lightning_fx_3"},
		{"predicate": {"custom_model_data":2072}, "model": "thor_model/thor_lightning_fx_4"},
		{"predicate": {"custom_model_data":2073}, "model": "thor_model/thor_lightning_fx_5"},
		{"predicate": {"custom_model_data":2074}, "model": "thor_model/thor_spark_fx"},
		{"predicate": {"custom_model_data":2075}, "model": "thor_model/thor_thunder_leap_fx_1"},
		{"predicate": {"custom_model_data":2076}, "model": "thor_model/thor_thunder_leap_fx_2"},
		{"predicate": {"custom_model_data":2077}, "model": "thor_model/thor_thunder_leap_fx_3"},
		{"predicate": {"custom_model_data":2078}, "model": "thor_model/thor_thunder_leap_fx_4"},
		{"predicate": {"custom_model_data":2079}, "model": "thor_model/thor_thunder_leap_fx_5"},
		{"predicate": {"custom_model_data":2080}, "model": "thor_model/thor_thunder_leap_fx_6"},
		{"predicate": {"custom_model_data":2081}, "model": "thor_model/thor_thunder_leap_fx_7"},
		{"predicate": {"custom_model_data":2082}, "model": "thor_model/thor_thunder_leap_fx_8"},
		{"predicate": {"custom_model_data":2083}, "model": "thor_model/thor_thunder_smash_fx_1"},
		{"predicate": {"custom_model_data":2084}, "model": "thor_model/thor_thunder_smash_fx_2"},
		{"predicate": {"custom_model_data":2085}, "model": "thor_model/thor_thunder_smash_fx_3"},
		{"predicate": {"custom_model_data":2086}, "model": "thor_model/thor_thunder_smash_fx_4"},
		{"predicate": {"custom_model_data":2087}, "model": "thor_model/thor_thunder_smash_fx_5"},
		{"predicate": {"custom_model_data":2088}, "model": "thor_model/thor_thunder_smash_fx_6"},
		{"predicate": {"custom_model_data":2089}, "model": "thor_model/thor_thunder_smash_fx_7"},
		{"predicate": {"custom_model_data":2090}, "model": "thor_model/thor_thunder_smash_fx_8"}
    ]
}